sortNumber|code|officialTitle|mediumTitle|shortTitle|officialTitleEn|mediumTitleEn|shortTitleEn|note|noteEn|includes|includesAlso|excludes|info|additionalInfo|infoEn|unitOfMeasure|validFrom|validTo|dateCreated|dateModified
"1"|"004"|"Afganská islamská republika"|""|"Afganistan"|"Islamic Republic of Afghanistan"|""|"Afghanistan"|"AF"|""|""|""|""|""|"AFG"|""|""|"01.01.1987"|""|"13.02.1987"|"30.09.2010"
"2"|"008"|"Albánska republika"|""|"Albánsko"|"Republic of Albania"|""|"Albania"|"AL"|""|""|""|""|""|"ALB"|""|""|"01.01.1987"|""|"13.02.1987"|"01.01.1993"
"3"|"010"|"Antarktída"|""|"Antarktída"|"Antarctica"|""|"Antarctica"|"AQ"|""|""|""|""|""|"ATA"|""|""|"01.01.1993"|""|"25.01.1993"|"25.01.1993"
"4"|"012"|"Alžírska demokratická ľudová republika"|""|"Alžírsko"|"People`s Democratic Republic of Algeria"|""|"Algeria"|"DZ"|""|""|""|""|""|"DZA"|""|""|"01.01.1987"|""|"13.02.1987"|"26.06.2003"
"5"|"016"|"Teritórium Americkej Samoy"|""|"Americká Samoa"|"Territory of American Samoa"|""|"American Samoa"|"AS"|""|""|""|""|""|"ASM"|""|""|"01.01.1987"|""|"13.02.1987"|"30.09.2010"
"6"|"020"|"Andorrské kniežatstvo"|""|"Andorra"|"Principality of Andorra"|""|"Andorra"|"AD"|""|""|""|""|""|"AND"|""|""|"01.01.1987"|""|"13.02.1987"|"20.05.1994"
"7"|"024"|"Angolská republika"|""|"Angola"|"Republic of Angola"|""|"Angola"|"AO"|""|""|""|""|""|"AGO"|""|""|"01.01.1993"|""|"25.01.1993"|"25.01.1993"
"8"|"028"|"Antigua a Barbuda"|""|"Antigua a Barbuda"|"Antigua and Barbuda"|""|"Antigua and Barbuda"|"AG"|""|""|""|""|""|"ATG"|""|""|"01.01.1987"|""|"13.02.1987"|"01.01.1993"
"9"|"031"|"Azerbajdžanská republika"|""|"Azerbajdžan"|"Republic of Azerbaijan"|""|"Azerbaijan"|"AZ"|""|""|""|""|""|"AZE"|""|""|"01.01.1993"|""|"01.01.1993"|"26.06.2003"
"10"|"032"|"Argentínska republika"|""|"Argentína"|"Argentine Republic"|""|"Argentina"|"AR"|""|""|""|""|""|"ARG"|""|""|"01.01.1987"|""|"13.02.1987"|"01.01.1993"
"11"|"036"|"Austrálsky zväz"|""|"Austrália"|"Australia"|""|"Australia"|"AU"|""|""|""|""|""|"AUS"|""|""|"01.01.1987"|""|"13.02.1987"|"25.06.2003"
"12"|"040"|"Rakúska republika"|""|"Rakúsko"|"Republic of Austria"|""|"Austria"|"AT"|""|""|""|""|""|"AUT"|""|""|"01.01.1987"|""|"13.02.1987"|"01.01.1993"
"13"|"044"|"Bahamské spoločenstvo"|""|"Bahamy"|"Commonwealth of The Bahamas"|""|"Bahamas"|"BS"|""|""|""|""|""|"BHS"|""|""|"01.01.1987"|""|"13.02.1987"|"26.06.2003"
"14"|"048"|"Bahrajnské kráľovstvo"|""|"Bahrajn"|"Kingdom of Bahrain"|""|"Bahrain"|"BH"|""|""|""|""|""|"BHR"|""|""|"01.01.1987"|""|"13.02.1987"|"12.07.2007"
"15"|"050"|"Bangladéšska ľudová republika"|""|"Bangladéš"|"People`s Republic of Bangladesh"|""|"Bangladesh"|"BD"|""|""|""|""|""|"BGD"|""|""|"01.01.1987"|""|"13.02.1987"|"01.01.1993"
"16"|"051"|"Arménska republika"|""|"Arménsko"|"Republic of Armenia"|""|"Armenia"|"AM"|""|""|""|""|""|"ARM"|""|""|"01.01.1993"|""|"01.01.1993"|"01.01.1993"
"17"|"052"|"Barbados"|""|"Barbados"|"Barbados"|""|"Barbados"|"BB"|""|""|""|""|""|"BRB"|""|""|"01.01.1987"|""|"13.02.1987"|"01.01.1993"
"18"|"056"|"Belgické kráľovstvo"|""|"Belgicko"|"Kingdom of Belgium"|""|"Belgium"|"BE"|""|""|""|""|""|"BEL"|""|""|"01.01.1987"|""|"13.02.1987"|"01.01.1993"
"19"|"060"|"Bermudy"|""|"Bermudy"|"Bermuda"|""|"Bermuda"|"BM"|""|""|""|""|""|"BMU"|""|""|"01.01.1987"|""|"13.02.1987"|"22.10.1993"
"20"|"064"|"Bhutánske kráľovstvo"|""|"Bhután"|"Kingdom of Bhutan"|""|"Bhutan"|"BT"|""|""|""|""|""|"BTN"|""|""|"01.01.1987"|""|"13.02.1987"|"01.01.1993"
"21"|"068"|"Bolívijský mnohonárodný štát"|""|"Bolívia"|"Plurinational State of Bolivia"|""|"Bolivia (Plurinat.State)"|"BO"|""|""|""|""|""|"BOL"|""|""|"01.01.1987"|""|"13.02.1987"|"30.09.2010"
"22"|"070"|"Bosna a Hercegovina"|""|"Bosna a Hercegovina"|"Bosnia and Herzegovina"|""|"Bosnia and Herzegovina"|"BA"|""|""|""|""|""|"BIH"|""|""|"01.01.1993"|""|"01.01.1993"|"12.07.2007"
"23"|"072"|"Botswanská republika"|""|"Botswana"|"Republic of Botswana"|""|"Botswana"|"BW"|""|""|""|""|""|"BWA"|""|""|"01.01.1987"|""|"13.02.1987"|"01.01.1993"
"24"|"074"|"Bouvetov ostrov"|""|"Bouvetov ostrov"|"Bouvet Island"|""|"Bouvet Island"|"BV"|""|""|""|""|""|"BVT"|""|""|"01.01.1987"|""|"13.02.1987"|"01.01.1993"
"25"|"076"|"Brazílska federatívna republika"|""|"Brazília"|"Federative Republic of Brazil"|""|"Brazil"|"BR"|""|""|""|""|""|"BRA"|""|""|"01.01.1987"|""|"13.02.1987"|"01.01.1993"
"26"|"084"|"Belize"|""|"Belize"|"Belize"|""|"Belize"|"BZ"|""|""|""|""|""|"BLZ"|""|""|"01.01.1987"|""|"13.02.1987"|"01.01.1993"
"27"|"086"|"Britské indickooceánske územie"|""|"Brit.indickooceán.územie"|"British Indian Ocean Territory"|""|"British Ind.Ocean Terr."|"IO"|""|""|""|""|""|"IOT"|""|""|"01.01.1987"|""|"13.02.1987"|"12.07.2007"
"28"|"090"|"Šalamúnove ostrovy"|""|"Šalamúnove ostrovy"|"Solomon Islands"|""|"Solomon Islands"|"SB"|""|""|""|""|""|"SLB"|""|""|"01.01.1987"|""|"13.02.1987"|"01.01.1993"
"29"|"092"|"Britské Panenské ostrovy"|""|"Britské Panenské ostr."|"British Virgin Islands"|""|"Virgin Islands, British"|"VG"|""|""|""|""|""|"VGB"|""|""|"01.01.1987"|""|"13.02.1987"|"12.07.2007"
"30"|"096"|"Brunejsko-darussalamský štát"|""|"Brunej"|"Brunei Darussalam"|""|"Brunei Darussalam"|"BN"|""|""|""|""|""|"BRN"|""|""|"01.01.1987"|""|"13.02.1987"|"25.06.2003"
"31"|"100"|"Bulharská republika"|""|"Bulharsko"|"Republic of Bulgaria"|""|"Bulgaria"|"BG"|""|""|""|""|""|"BGR"|""|""|"01.01.1987"|""|"13.02.1987"|"01.01.1993"
"32"|"104"|"Mjanmarská zväzová republika"|""|"Mjanmarsko"|"Republic of the Union of Myanmar"|""|"Myanmar"|"MM"|""|""|""|""|""|"MMR"|""|""|"01.01.1987"|""|"13.02.1987"|"02.04.2012"
"33"|"108"|"Burundská republika"|""|"Burundi"|"Republic of Burundi"|""|"Burundi"|"BI"|""|""|""|""|""|"BDI"|""|""|"01.01.1987"|""|"13.02.1987"|"22.10.1993"
"34"|"112"|"Bieloruská republika"|""|"Bielorusko"|"Republic of Belarus"|""|"Belarus"|"BY"|""|""|""|""|""|"BLR"|""|""|"01.01.1987"|""|"13.02.1987"|"20.05.1994"
"35"|"116"|"Kambodžské kráľovstvo"|""|"Kambodža"|"Kingdom of Cambodia"|""|"Cambodia"|"KH"|""|""|""|""|""|"KHM"|""|""|"01.01.1987"|""|"13.02.1987"|"20.05.1994"
"36"|"120"|"Kamerunská republika"|""|"Kamerun"|"Republic of Cameroon"|""|"Cameroon"|"CM"|""|""|""|""|""|"CMR"|""|""|"01.01.1987"|""|"13.02.1987"|"01.01.1993"
"37"|"124"|"Kanada"|""|"Kanada"|"Canada"|""|"Canada"|"CA"|""|""|""|""|""|"CAN"|""|""|"01.01.1987"|""|"13.02.1987"|"01.01.1993"
"38"|"132"|"Kapverdská republika"|""|"Kapverdy"|"Republic of Cabo Verde"|""|"Cabo Verde"|"CV"|"CV"|""|""|""|""|"CPV"|"Previous full and short name: Republic of Cape Verde; Cape Verde"|""|"01.01.1987"|""|"13.02.1987"|"31.10.2019"
"39"|"136"|"Kajmanie ostrovy"|""|"Kajmanie ostrovy"|"Cayman Islands"|""|"Cayman Islands"|"KY"|""|""|""|""|""|"CYM"|""|""|"01.01.1987"|""|"13.02.1987"|"22.10.1993"
"40"|"140"|"Stredoafrická republika"|""|"Stredoafrická republika"|"Central African Republic"|""|"Central African Rep."|"CF"|""|""|""|""|""|"CAF"|""|""|"01.01.1987"|""|"13.02.1987"|"01.01.1993"
"41"|"144"|"Srílanská demokratická socialistická republika"|""|"Srí Lanka"|"Democratic Socialist Republic of Sri Lanka"|""|"Sri Lanka"|"LK"|""|""|""|""|""|"LKA"|""|""|"01.01.1987"|""|"13.02.1987"|"01.01.1993"
"42"|"148"|"Čadská republika"|""|"Čad"|"Republic of Chad"|""|"Chad"|"TD"|""|""|""|""|""|"TCD"|""|""|"01.01.1987"|""|"13.02.1987"|"01.01.1993"
"43"|"152"|"Čilská republika"|""|"Čile"|"Republic of Chile"|""|"Chile"|"CL"|""|""|""|""|""|"CHL"|""|""|"01.01.1987"|""|"13.02.1987"|"25.06.2003"
"44"|"156"|"Čínska ľudová republika"|""|"Čína"|"People's Republic of China"|""|"China"|"CN"|""|""|""|""|""|"CHN"|""|""|"01.01.1987"|""|"13.02.1987"|"30.09.2010"
"45"|"158"|"Čínska republika"|""|"Taiwan"|"Republic of China"|""|"Taiwan"|"TW"|""|""|""|""|""|"TWN"|""|""|"01.01.1987"|""|"13.02.1987"|"21.01.2011"
"46"|"162"|"Teritórium Vianočného ostrova"|""|"Vianočný ostrov"|"Christmas Island Territory"|""|"Christmas Island"|"CX"|""|""|""|""|""|"CXR"|""|""|"01.01.1987"|""|"13.02.1987"|"30.09.2010"
"47"|"166"|"Teritórium Kokosových ostrovov"|""|"Kokosové ostrovy"|"Territory of Cocos (Keeling) Islands"|""|"Cocos (Keeling) Islands"|"CC"|""|""|""|""|""|"CCK"|""|""|"01.01.1987"|""|"13.02.1987"|"30.09.2010"
"48"|"170"|"Kolumbijská republika"|""|"Kolumbia"|"Republic of Colombia"|""|"Colombia"|"CO"|""|""|""|""|""|"COL"|""|""|"01.01.1987"|""|"13.02.1987"|"01.01.1993"
"49"|"174"|"Komorský zväz"|""|"Komory"|"Union of the Comoros"|""|"Comoros"|"KM"|""|""|""|""|""|"COM"|""|""|"01.01.1987"|""|"13.02.1987"|"12.07.2007"
"50"|"175"|"Mayotte"|""|"Mayotte"|"Mayotte"|""|"Mayotte"|"YT"|""|""|""|""|""|"MYT"|""|""|"01.01.1993"|""|"20.05.1994"|"12.08.1998"
"51"|"178"|"Konžská republika"|""|"Kongo"|"Republic of the Congo"|""|"Congo"|"CG"|""|""|""|""|""|"COG"|""|""|"01.01.1987"|""|"13.02.1987"|"01.01.1993"
"52"|"180"|"Konžská demokratická republika"|""|"Kongo (býv. Zair)"|"Democratic Republic of the Congo"|""|"Dem.Rep. of the Congo"|"CD"|""|""|""|""|"oficiálny názov do 30.4.2014 - Kongo (býv. Zair)"|"COD"|""|""|"01.01.1987"|""|"13.02.1987"|"19.06.2014"
"53"|"184"|"Cookove ostrovy"|""|"Cookove ostrovy"|"Cook Islands"|""|"Cook Islands"|"CK"|""|""|""|""|""|"COK"|""|""|"01.01.1987"|""|"13.02.1987"|"22.10.1993"
"54"|"188"|"Kostarická republika"|""|"Kostarika"|"Republic of Costa Rica"|""|"Costa Rica"|"CR"|""|""|""|""|""|"CRI"|""|""|"01.01.1987"|""|"13.02.1987"|"01.01.1993"
"55"|"191"|"Chorvátska republika"|""|"Chorvátsko"|"Republic of Croatia"|""|"Croatia"|"HR"|""|""|""|""|""|"HRV"|""|""|"01.01.1993"|""|"01.01.1993"|"22.10.1993"
"56"|"192"|"Kubánska republika"|""|"Kuba"|"Republic of Cuba"|""|"Cuba"|"CU"|""|""|""|""|""|"CUB"|""|""|"01.01.1987"|""|"13.02.1987"|"01.01.1993"
"57"|"196"|"Cyperská republika"|""|"Cyprus"|"Republic of Cyprus"|""|"Cyprus"|"CY"|""|""|""|""|""|"CYP"|""|""|"01.01.1987"|""|"13.02.1987"|"01.01.1993"
"58"|"200"|"Česká a Slovenská Federatívna republika"|""|"Československo"|"Czech and Slovak Federal Republic"|""|"Czechoslovakia"|"CS"|""|""|""|""|""|""|""|""|"01.01.1987"|"31.12.1992"|"13.02.1987"|"01.01.1993"
"59"|"203"|"Česká republika"|""|"Česko"|"Czech Republic"|""|"Czechia"|"CZ"|"CZ"|""|""|""|""|"CZE"|"Previous full and short name: Czech Republic; Czech Republic"|""|"01.01.1993"|""|"25.03.1993"|"31.10.2019"
"60"|"204"|"Beninská republika"|""|"Benin"|"Republic of Benin"|""|"Benin"|"BJ"|""|""|""|""|""|"BEN"|""|""|"01.01.1987"|""|"13.02.1987"|"01.01.1993"
"61"|"208"|"Dánske kráľovstvo"|""|"Dánsko"|"Kingdom of Denmark"|""|"Denmark"|"DK"|""|""|""|""|""|"DNK"|""|""|"01.01.1987"|""|"13.02.1987"|"01.01.1993"
"62"|"212"|"Dominické spoločenstvo"|""|"Dominika"|"Commonwealth of Dominica"|""|"Dominica"|"DM"|""|""|""|""|""|"DMA"|""|""|"01.01.1987"|""|"13.02.1987"|"01.01.1993"
"63"|"214"|"Dominikánska republika"|""|"Dominikánska republika"|"Dominican Republic"|""|"Dominican republic"|"DO"|""|""|""|""|""|"DOM"|""|""|"01.01.1987"|""|"13.02.1987"|"01.01.1993"
"64"|"218"|"Ekvádorská republika"|""|"Ekvádor"|"Republic of Ecuador"|""|"Ecuador"|"EC"|""|""|""|""|""|"ECU"|""|""|"01.01.1987"|""|"13.02.1987"|"01.01.1993"
"65"|"222"|"Salvádorská republika"|""|"Salvádor"|"Republic of El Salvador"|""|"El Salvador"|"SV"|""|""|""|""|""|"SLV"|""|""|"01.01.1987"|""|"13.02.1987"|"22.10.1993"
"66"|"226"|"Republika Rovníkovej Guiney"|""|"Rovníková Guinea"|"Republic of Equatorial Guinea"|""|"Equatorial Guinea"|"GQ"|""|""|""|""|""|"GNQ"|""|""|"01.01.1987"|""|"13.02.1987"|"25.06.2003"
"67"|"230"|"Etiópia"|""|"Etiópia"|"Ethiopia"|""|"Ethiopia"|"ET"|""|""|""|""|""|""|""|""|"01.01.1987"|"31.12.1992"|"13.02.1987"|"10.05.2001"
"68"|"231"|"Etiópska federatívna demokratická republika"|""|"Etiópia"|"Federal Democratic Republic of Ethiopia"|""|"Ethiopia"|"ET"|""|""|""|""|""|"ETH"|""|""|"01.01.1993"|""|"20.05.1994"|"12.07.2007"
"69"|"232"|"Eritrejský štát"|""|"Eritrea"|"Eritrea"|""|"The State of Eritrea"|"ER"|""|""|""|""|""|"ERI"|"oficiálny názov platný do 30.4.2014 - Eritrea"|""|"01.01.1993"|""|"20.05.1994"|"19.06.2014"
"70"|"233"|"Estónska republika"|""|"Estónsko"|"Republic of Estonia"|""|"Estonia"|"EE"|""|""|""|""|""|"EST"|""|""|"01.01.1993"|""|"01.01.1993"|"22.10.1993"
"71"|"234"|"Faerské ostrovy"|""|"Faerské ostrovy"|"Faroe Islands"|""|"Faroe Islands"|"FO"|""|""|""|""|""|"FRO"|""|""|"01.01.1987"|""|"13.02.1987"|"01.01.1993"
"72"|"238"|"Falklandské ostrovy"|""|"Falklandy"|"Falkland Islands (Malvinas)"|""|"Falkland Isl. (Malvinas)"|"FK"|""|""|""|""|""|"FLK"|""|""|"01.01.1987"|""|"13.02.1987"|"26.06.2003"
"73"|"239"|"Južná Georgia a Južné Sandwichove ostrovy"|""|"Juž. Georgia a J.S.o."|"South Georgia and the South Sandwich Islands"|""|"S.Georgia, s.Sand. Isl."|"GS"|""|""|""|""|""|"SGS"|""|""|"01.01.1993"|""|"20.05.1994"|"25.06.2003"
"74"|"242"|"Fidžijská republika"|""|"Fidži"|"Republic of Fiji"|""|"Fiji"|"FJ"|""|""|""|""|""|"FJI"|""|""|"01.01.1987"|""|"13.02.1987"|"02.04.2012"
"75"|"246"|"Fínska republika"|""|"Fínsko"|"Republic of Finland"|""|"Finland"|"FI"|""|""|""|""|""|"FIN"|""|""|"01.01.1987"|""|"13.02.1987"|"01.01.1993"
"76"|"248"|"Alandy"|""|"Alandy"|"Aland Islands"|""|"Aland Islands"|"AX"|""|""|""|""|""|"ALA"|""|""|"01.06.2004"|""|"07.07.2004"|"07.07.2004"
"77"|"249"|"Metropolitné Francúzsko"|""|"Metropolitné Francúzsko"|"France, Metropolitan"|""|"France, Metropolitan"|"FX"|""|""|""|""|""|""|""|""|"01.01.1993"|"01.10.1997"|"20.05.1994"|"12.08.1998"
"78"|"250"|"Francúzska republika"|""|"Francúzsko"|"French Republic"|""|"France"|"FR"|""|""|""|""|""|"FRA"|""|""|"01.01.1987"|""|"13.02.1987"|"01.01.1993"
"79"|"254"|"Francúzska Guyana"|""|"Francúzska Guyana"|"French Guiana"|""|"French Guiana"|"GF"|""|""|""|""|""|"GUF"|""|""|"01.01.1987"|""|"13.02.1987"|"02.04.2012"
"80"|"258"|"Francúzska Polynézia"|""|"Francúzska Polynézia"|"French Polynesia"|""|"French Polynesia"|"PF"|""|""|""|""|""|"PYF"|""|""|"01.01.1987"|""|"13.02.1987"|"02.04.2012"
"81"|"260"|"Francúzske južné a antarktické územia"|""|"Francúzske južné územia"|"French Southern Territories"|""|"French Southern Territ."|"TF"|""|""|""|""|""|"ATF"|""|""|"01.01.1987"|""|"13.02.1987"|"25.06.2003"
"82"|"262"|"Džibutská republika"|""|"Džibutsko"|"Republic of Djibouti"|""|"Djibouti"|"DJ"|""|""|""|""|""|"DJI"|""|""|"01.01.1987"|""|"13.02.1987"|"01.01.1993"
"83"|"266"|"Gabonská republika"|""|"Gabon"|"Gabonese Republic"|""|"Gabon"|"GA"|""|""|""|""|""|"GAB"|""|""|"01.01.1987"|""|"13.02.1987"|"26.06.2003"
"84"|"268"|"Gruzínsko"|""|"Gruzínsko"|"Georgia"|""|"Georgia"|"GE"|""|""|""|""|""|"GEO"|""|""|"01.01.1993"|""|"01.01.1993"|"12.07.2007"
"85"|"270"|"Gambijská republika"|""|"Gambia"|"Republic of the Gambia"|""|"Gambia"|"GM"|""|""|""|""|""|"GMB"|""|""|"01.01.1987"|""|"13.02.1987"|"01.01.1993"
"86"|"275"|"Palestínsky štát"|""|"Palestína"|"The State of Palestine"|""|"Palestine, State of"|"PS"|"PS"|""|""|""|"oficiálny názov platný do 30.4.2014 - Palestínska národná samospráva"|"PSE"|"oficiálny názov do 30.4.2014 - Occupied Palestinian Territory, krátky názov do 30.4.2014 - Palestin.Territ,Occupied"|""|"01.10.1999"|""|"10.05.2001"|"08.06.2020"
"87"|"276"|"Nemecká spolková republika"|""|"Nemecko"|"Federal Republic of Germany"|""|"Germany"|"DE"|""|""|""|""|""|"DEU"|""|""|"01.01.1993"|""|"01.01.1993"|"25.06.2003"
"88"|"288"|"Ghanská republika"|""|"Ghana"|"Republic of Ghana"|""|"Ghana"|"GH"|""|""|""|""|""|"GHA"|""|""|"01.01.1987"|""|"13.02.1987"|"01.01.1993"
"89"|"292"|"Gibraltár"|""|"Gibraltár"|"Gibraltar"|""|"Gibraltar"|"GI"|""|""|""|""|""|"GIB"|""|""|"01.01.1987"|""|"13.02.1987"|"22.10.1993"
"90"|"296"|"Kiribatská republika"|""|"Kiribati"|"Republic of Kiribati"|""|"Kiribati"|"KI"|""|""|""|""|""|"KIR"|""|""|"01.01.1987"|""|"13.02.1987"|"26.06.2003"
"91"|"300"|"Grécka republika"|""|"Grécko"|"Hellenic Republic"|""|"Greece"|"GR"|""|""|""|""|""|"GRC"|""|""|"01.01.1987"|""|"13.02.1987"|"25.06.2003"
"92"|"304"|"Grónsko"|""|"Grónsko"|"Greenland"|""|"Greenland"|"GL"|""|""|""|""|""|"GRL"|""|""|"01.01.1987"|""|"13.02.1987"|"22.10.1993"
"93"|"308"|"Grenada"|""|"Grenada"|"Grenada"|""|"Grenada"|"GD"|""|""|""|""|""|"GRD"|""|""|"01.01.1987"|""|"13.02.1987"|"01.01.1993"
"94"|"312"|"Guadeloup"|""|"Guadeloupe"|"Guadeloupe"|""|"Guadeloupe"|"GP"|""|""|""|""|""|"GLP"|""|""|"01.01.1987"|""|"13.02.1987"|"02.04.2012"
"95"|"316"|"Guamské teritórium"|""|"Guam"|"Territory of Guam"|""|"Guam"|"GU"|""|""|""|""|""|"GUM"|""|""|"01.01.1987"|""|"13.02.1987"|"30.09.2010"
"96"|"320"|"Guatemalská republika"|""|"Guatemala"|"Republic of Guatemala"|""|"Guatemala"|"GT"|""|""|""|""|""|"GTM"|""|""|"01.01.1987"|""|"13.02.1987"|"01.01.1993"
"97"|"324"|"Guinejská republika"|""|"Guinea"|"Republic of Guinea"|""|"Guinea"|"GN"|""|""|""|""|""|"GIN"|""|""|"01.01.1987"|""|"13.02.1987"|"01.01.1993"
"98"|"328"|"Guyanská kooperatívna republika"|""|"Guyana"|"Co-operative Republic of Guyana"|""|"Guyana"|"GY"|"GY"|""|""|""|""|"GUY"|"Previous full and short name: Republic of Guyana; Guyana"|""|"01.01.1987"|""|"13.02.1987"|"31.10.2019"
"99"|"332"|"Haitská republika"|""|"Haiti"|"Republic of Haiti"|""|"Haiti"|"HT"|""|""|""|""|""|"HTI"|""|""|"01.01.1987"|""|"13.02.1987"|"01.01.1993"
"100"|"334"|"Teritórium Heardovho ostrova a Macdonaldových ostrovov"|""|"Heard.ostr.a Macd.ostr."|"Territory of Heard and McDonald Islands"|""|"Heard Isl.and McDon.Isl."|"HM"|""|""|""|""|""|"HMD"|""|""|"01.01.1987"|""|"13.02.1987"|"02.04.2012"
"101"|"336"|"Svätá Stolica (Vatikánsky mestský štát)"|""|"Vatikán"|"Holy See"|""|"Holy See"|"VA"|""|""|""|""|""|"VAT"|""|""|"01.01.1987"|""|"13.02.1987"|"30.09.2010"
"102"|"340"|"Honduraská republika"|""|"Honduras"|"Republic of Honduras"|""|"Honduras"|"HN"|""|""|""|""|""|"HND"|""|""|"01.01.1987"|""|"13.02.1987"|"01.01.1993"
"103"|"344"|"Hongkong"|""|"Hongkong"|"Hong Kong Special Administrative Region of China"|""|"Hong Kong"|"HK"|""|""|""|""|""|"HKG"|""|""|"01.01.1987"|""|"13.02.1987"|"26.06.2003"
"104"|"348"|"Maďarsko"|""|"Maďarsko"|"Hungary"|""|"Hungary"|"HU"|""|""|""|""|""|"HUN"|""|""|"01.01.1987"|""|"13.02.1987"|"02.04.2012"
"105"|"352"|"Islandská republika"|""|"Island"|"Republic of Iceland"|""|"Iceland"|"IS"|""|""|""|""|""|"ISL"|""|""|"01.01.1987"|""|"13.02.1987"|"01.01.1993"
"106"|"356"|"Indická republika"|""|"India"|"Republic of India"|""|"India"|"IN"|""|""|""|""|""|"IND"|""|""|"01.01.1987"|""|"13.02.1987"|"01.01.1993"
"107"|"360"|"Indonézska republika"|""|"Indonézia"|"Republic of Indonesia"|""|"Indonesia"|"ID"|""|""|""|""|""|"IDN"|""|""|"01.01.1987"|""|"13.02.1987"|"01.01.1993"
"108"|"364"|"Iránska islamská republika"|""|"Irán"|"Islamic Republic of Iran"|""|"Iran,Islamic Republic of"|"IR"|""|""|""|""|""|"IRN"|""|""|"01.01.1987"|""|"13.02.1987"|"26.06.2003"
"109"|"368"|"Iracká republika"|""|"Irak"|"Republic of Iraq"|""|"Iraq"|"IQ"|""|""|""|""|""|"IRQ"|""|""|"01.01.1987"|""|"13.02.1987"|"01.01.1993"
"110"|"372"|"Írsko"|""|"Írsko"|"Ireland"|""|"Ireland"|"IE"|""|""|""|""|""|"IRL"|""|""|"01.01.1987"|""|"13.02.1987"|"05.12.2012"
"111"|"376"|"Izraelský štát"|""|"Izrael"|"State of Israel"|""|"Israel"|"IL"|""|""|""|""|""|"ISR"|""|""|"01.01.1987"|""|"13.02.1987"|"22.10.1993"
"112"|"380"|"Talianska republika"|""|"Taliansko"|"Republic of Italy"|""|"Italy"|"IT"|""|""|""|""|""|"ITA"|""|""|"01.01.1987"|""|"13.02.1987"|"30.09.2010"
"113"|"384"|"Republika Pobrežia slonoviny"|""|"Pobrežie slonoviny"|"Republic of Côte d'Ivoire"|""|"Côte d'Ivoire"|"CI"|""|""|""|""|""|"CIV"|""|""|"01.01.1987"|""|"13.02.1987"|"30.09.2010"
"114"|"388"|"Jamajka"|""|"Jamajka"|"Jamaica"|""|"Jamaica"|"JM"|""|""|""|""|""|"JAM"|""|""|"01.01.1987"|""|"13.02.1987"|"01.01.1993"
"115"|"392"|"Japonsko"|""|"Japonsko"|"Japan"|""|"Japan"|"JP"|""|""|""|""|""|"JPN"|""|""|"01.01.1987"|""|"13.02.1987"|"01.01.1993"
"116"|"398"|"Kazašská republika"|""|"Kazachstan"|"Republic of Kazakhstan"|""|"Kazakhstan"|"KZ"|""|""|""|""|""|"KAZ"|""|""|"01.01.1993"|""|"01.01.1993"|"26.06.2003"
"117"|"400"|"Jordánske hášimovské kráľovstvo"|""|"Jordánsko"|"Hashemite Kingdom of Jordan"|""|"Jordan"|"JO"|""|""|""|""|""|"JOR"|""|""|"01.01.1987"|""|"13.02.1987"|"01.01.1993"
"118"|"404"|"Kenská republika"|""|"Keňa"|"Republic of Kenya"|""|"Kenya"|"KE"|""|""|""|""|""|"KEN"|""|""|"01.01.1987"|""|"13.02.1987"|"22.10.1993"
"119"|"408"|"Kórejská ľudovodemokratická republika"|""|"Kórej.ľudovodem.rep."|"Democratic Peoples Republic of Korea"|""|"Dem.Peopl.Rep. of Korea"|"KP"|""|""|""|""|""|"PRK"|""|""|"01.01.1987"|""|"13.02.1987"|"30.09.2010"
"120"|"410"|"Kórejská republika"|""|"Kórejská republika"|"Republic of Korea"|""|"Korea, Republic of"|"KR"|""|""|""|""|""|"KOR"|""|""|"01.01.1987"|""|"13.02.1987"|"25.06.2003"
"121"|"414"|"Kuvajtský štát"|""|"Kuvajt"|"State of Kuwait"|""|"Kuwait"|"KW"|""|""|""|""|""|"KWT"|""|""|"01.01.1987"|""|"13.02.1987"|"22.10.1993"
"122"|"417"|"Kirgizská republika"|""|"Kirgizsko"|"Kyrgyz Republic"|""|"Kyrgyzstan"|"KG"|""|""|""|""|""|"KGZ"|""|""|"01.01.1993"|""|"01.01.1993"|"20.05.1994"
"123"|"418"|"Laoská ľudovodemokratická republika"|""|"Laos"|"Lao People's Democratic Republic"|""|"Lao People's Dem. Rep."|"LA"|""|""|""|""|""|"LAO"|""|""|"01.01.1987"|""|"13.02.1987"|"30.09.2010"
"124"|"422"|"Libanonská republika"|""|"Libanon"|"Lebanese Republic"|""|"Lebanon"|"LB"|""|""|""|""|""|"LBN"|""|""|"01.01.1987"|""|"13.02.1987"|"20.05.1994"
"125"|"426"|"Lesothské kráľovstvo"|""|"Lesotho"|"Kingdom of Lesotho"|""|"Lesotho"|"LS"|""|""|""|""|""|"LSO"|""|""|"01.01.1987"|""|"13.02.1987"|"22.10.1993"
"126"|"428"|"Lotyšská republika"|""|"Lotyšsko"|"Republic of Latvia"|""|"Latvia"|"LV"|""|""|""|""|""|"LVA"|""|""|"01.01.1993"|""|"01.01.1993"|"22.10.1993"
"127"|"430"|"Libérijská republika"|""|"Libéria"|"Republic of Liberia"|""|"Liberia"|"LR"|""|""|""|""|""|"LBR"|""|""|"01.01.1987"|""|"13.02.1987"|"01.01.1993"
"128"|"434"|"Líbya"|""|"Líbya"|"Libya"|""|"Libya"|"LY"|""|""|""|""|""|"LBY"|""|""|"01.01.1987"|""|"13.02.1987"|"02.04.2012"
"129"|"438"|"Lichtenštajnské kniežatstvo"|""|"Lichtenštajnsko"|"Principality of Liechtenstein"|""|"Liechtenstein"|"LI"|""|""|""|""|""|"LIE"|""|""|"01.01.1987"|""|"13.02.1987"|"01.01.1993"
"130"|"440"|"Litovská republika"|""|"Litva"|"Republic of Lithuania"|""|"Lithuania"|"LT"|""|""|""|""|""|"LTU"|""|""|"01.01.1993"|""|"01.01.1993"|"22.10.1993"
"131"|"442"|"Luxemburské veľkovojvodstvo"|""|"Luxembursko"|"Grand Duchy of Luxembourg"|""|"Luxembourg"|"LU"|""|""|""|""|""|"LUX"|""|""|"01.01.1987"|""|"13.02.1987"|"01.01.1993"
"132"|"446"|"Macao"|""|"Macao"|"Macao Special Administrative Region of China"|""|"Macao"|"MO"|""|""|""|""|""|"MAC"|""|""|"01.01.1987"|""|"13.02.1987"|"26.06.2003"
"133"|"450"|"Madagaskarská republika"|""|"Madagaskar"|"Republic of Madagascar"|""|"Madagascar"|"MG"|""|""|""|""|""|"MDG"|""|""|"01.01.1987"|""|"13.02.1987"|"20.05.1994"
"134"|"454"|"Malawijská republika"|""|"Malawi"|"Republic of Malawi"|""|"Malawi"|"MW"|""|""|""|""|""|"MWI"|""|""|"01.01.1987"|""|"13.02.1987"|"01.01.1993"
"135"|"458"|"Malajzia"|""|"Malajzia"|"Malaysia"|""|"Malaysia"|"MY"|""|""|""|""|""|"MYS"|""|""|"01.01.1987"|""|"13.02.1987"|"01.01.1993"
"136"|"462"|"Maldivská republika"|""|"Maldivy"|"Republic of Maldives"|""|"Maldives"|"MV"|""|""|""|""|""|"MDV"|""|""|"01.01.1987"|""|"13.02.1987"|"25.06.2003"
"137"|"466"|"Malijská republika"|""|"Mali"|"Republic of Mali"|""|"Mali"|"ML"|""|""|""|""|""|"MLI"|""|""|"01.01.1987"|""|"13.02.1987"|"22.10.1993"
"138"|"470"|"Maltská republika"|""|"Malta"|"Republic of Malta"|""|"Malta"|"MT"|""|""|""|""|""|"MLT"|""|""|"01.01.1987"|""|"13.02.1987"|"01.01.1993"
"139"|"474"|"Martinik"|""|"Martinik"|"Martinique"|""|"Martinique"|"MQ"|""|""|""|""|""|"MTQ"|""|""|"01.01.1987"|""|"13.02.1987"|"02.04.2012"
"140"|"478"|"Mauritánska islamská republika"|""|"Mauritánia"|"Islamic Republic of Mauritania"|""|"Mauritania"|"MR"|""|""|""|""|""|"MRT"|""|""|"01.01.1987"|""|"13.02.1987"|"22.10.1993"
"141"|"480"|"Maurícijská republika"|""|"Maurícius"|"Republic of Mauritius"|""|"Mauritius"|"MU"|""|""|""|""|""|"MUS"|""|""|"01.01.1987"|""|"13.02.1987"|"25.06.2003"
"142"|"484"|"Spojené štáty mexické"|""|"Mexiko"|"United Mexican States"|""|"Mexico"|"MX"|""|""|""|""|""|"MEX"|""|""|"01.01.1987"|""|"13.02.1987"|"01.01.1993"
"143"|"492"|"Monacké kniežatstvo"|""|"Monako"|"Principality of Monaco"|""|"Monaco"|"MC"|""|""|""|""|""|"MCO"|""|""|"01.01.1987"|""|"13.02.1987"|"01.01.1993"
"144"|"496"|"Mongolsko"|""|"Mongolsko"|"Mongolia"|""|"Mongolia"|"MN"|""|""|""|""|""|"MNG"|""|""|"01.01.1987"|""|"13.02.1987"|"20.05.1994"
"145"|"498"|"Moldavská republika"|""|"Moldavsko"|"Republic of Moldova"|""|"Republic of Moldova"|"MD"|""|""|""|""|""|"MDA"|""|""|"01.01.1993"|""|"01.01.1993"|"30.09.2010"
"146"|"499"|"Čierna Hora"|""|"Čierna Hora"|"Montenegro"|""|"Montenegro"|"ME"|""|""|""|""|""|"MNE"|""|""|"01.01.2007"|""|"16.02.2007"|"30.09.2010"
"147"|"500"|"Montserrat"|""|"Montserrat"|"Montserrat"|""|"Montserrat"|"MS"|""|""|""|""|""|"MSR"|""|""|"01.01.1987"|""|"13.02.1987"|"22.10.1993"
"148"|"504"|"Marocké kráľovstvo"|""|"Maroko"|"Kingdom of Morocco"|""|"Morocco"|"MA"|""|""|""|""|""|"MAR"|""|""|"01.01.1987"|""|"13.02.1987"|"01.01.1993"
"149"|"508"|"Mozambická republika"|""|"Mozambik"|"Republic of Mozambique"|""|"Mozambique"|"MZ"|""|""|""|""|""|"MOZ"|""|""|"01.01.1987"|""|"13.02.1987"|"01.01.1993"
"150"|"512"|"Ománsky sultanát"|""|"Omán"|"Sultanate of Oman"|""|"Oman"|"OM"|""|""|""|""|""|"OMN"|""|""|"01.01.1987"|""|"13.02.1987"|"01.01.1993"
"151"|"516"|"Namíbijská republika"|""|"Namíbia"|"Republic of Namibia"|""|"Namibia"|"NA"|""|""|""|""|""|"NAM"|""|""|"01.01.1987"|""|"13.02.1987"|"01.01.1993"
"152"|"520"|"Nauruská republika"|""|"Nauru"|"Republic of Nauru"|""|"Nauru"|"NR"|""|""|""|""|""|"NRU"|""|""|"01.01.1987"|""|"13.02.1987"|"22.10.1993"
"153"|"524"|"Nepálska federatívna demokratická republika"|""|"Nepál"|"Federal Democratic Republic of Nepal"|""|"Nepal"|"NP"|"NP"|""|""|""|""|"NPL"|""|""|"01.01.1987"|""|"13.02.1987"|"18.11.2021"
"154"|"528"|"Holandské kráľovstvo"|""|"Holandsko"|"Kingdom of the Netherlands"|""|"Netherlands"|"NL"|""|""|""|""|""|"NLD"|""|""|"01.01.1987"|""|"13.02.1987"|"20.05.1994"
"155"|"530"|"Holandské Antily"|""|"Holandské Antily"|"Netherlands Antilles"|""|"Netherlands Antilles"|"AN"|""|""|""|""|""|"ANT"|""|""|"01.01.1993"|"31.03.2012"|"03.06.1994"|"02.04.2012"
"156"|"531"|"Curaçao"|""|"Curaçao"|"Curaçao"|""|"Curaçao"|"CW"|""|""|""|""|""|"CUW"|""|""|"01.04.2012"|""|"02.04.2012"|"02.04.2012"
"157"|"532"|"Holandské Antily"|""|"Holandské Antily"|"Netherlands Antilles"|""|"Netherlands Antilles"|"AN"|""|""|""|""|""|""|""|""|"01.01.1987"|"31.12.1992"|"13.02.1987"|"03.06.1994"
"158"|"533"|"Aruba"|""|"Aruba"|"Aruba"|""|"Aruba"|"AW"|""|""|""|""|""|"ABW"|""|""|"01.01.1993"|""|"01.01.1993"|"01.01.1993"
"159"|"534"|"Svätý Martin (holandská časť)"|""|"Svätý Martin (holand.č.)"|"Sint Maarten (Dutch part)"|""|"Sint Maarten (Dutch p.)"|"SX"|""|""|""|""|""|"SXM"|""|""|"01.04.2012"|""|"02.04.2012"|"02.04.2012"
"160"|"535"|"Bonaire, Svätý Eustach a Saba"|""|"Bonaire,Sv.Eustach,Saba"|"Bonaire, Sint Eustatius and Saba"|""|"Bonaire,S.Eustatius,Saba"|"BQ"|""|""|""|""|""|"BES"|""|""|"01.04.2012"|""|"02.04.2012"|"02.04.2012"
"161"|"536"|"Neutrálne územia Ruchajmija, Váfra, Andza"|""|"Neutrálne územia"|"Neutral Zone"|""|"Neutral Zone"|"NT"|""|""|""|""|""|""|""|""|"01.01.1987"|"22.10.1993"|"13.02.1987"|"22.10.1993"
"162"|"540"|"Nová Kaledónia"|""|"Nová Kaledónia"|"New Caledonia"|""|"New Caledonia"|"NC"|""|""|""|""|""|"NCL"|""|""|"01.01.1987"|""|"13.02.1987"|"02.04.2012"
"163"|"548"|"Vanuatská republika"|""|"Vanuatu"|"Republic of Vanuatu"|""|"Vanuatu"|"VU"|""|""|""|""|""|"VUT"|""|""|"01.01.1987"|""|"13.02.1987"|"25.06.2003"
"164"|"554"|"Nový Zéland"|""|"Nový Zéland"|"New Zealand"|""|"New Zealand"|"NZ"|""|""|""|""|""|"NZL"|""|""|"01.01.1987"|""|"13.02.1987"|"01.01.1993"
"165"|"558"|"Nikaragujská republika"|""|"Nikaragua"|"Republic of Nicaragua"|""|"Nicaragua"|"NI"|""|""|""|""|""|"NIC"|""|""|"01.01.1987"|""|"13.02.1987"|"01.01.1993"
"166"|"562"|"Nigerská republika"|""|"Niger"|"Republic of the Niger"|""|"Niger"|"NE"|""|""|""|""|""|"NER"|""|""|"01.01.1987"|""|"13.02.1987"|"20.05.1994"
"167"|"566"|"Nigérijská federatívna republika"|""|"Nigéria"|"Federal Republic of Nigeria"|""|"Nigeria"|"NG"|""|""|""|""|""|"NGA"|""|""|"01.01.1987"|""|"13.02.1987"|"01.01.1993"
"168"|"570"|"Niue"|""|"Niue"|"Niue"|""|"Niue"|"NU"|""|""|""|""|""|"NIU"|""|""|"01.01.1987"|""|"13.02.1987"|"02.04.2012"
"169"|"574"|"Teritórium ostrova Norfolk"|""|"Norfolk"|"Territory of Norfolk Island"|""|"Norfolk Island"|"NF"|""|""|""|""|""|"NFK"|""|""|"01.01.1987"|""|"13.02.1987"|"30.09.2010"
"170"|"578"|"Nórske kráľovstvo"|""|"Nórsko"|"Kingdom of Norway"|""|"Norway"|"NO"|""|""|""|""|""|"NOR"|""|""|"01.01.1987"|""|"13.02.1987"|"01.01.1993"
"171"|"580"|"Spoločenstvo ostrovov Severné Mariány"|""|"Severné Mariány"|"Commonwealth of the Northern Mariana Islands"|""|"Northern Mariana Islands"|"MP"|""|""|""|""|""|"MNP"|""|""|"01.01.1993"|""|"01.01.1993"|"26.06.2003"
"172"|"581"|"Menšie odľahlé ostrovy Spojených štátov"|""|"Menšie odľahlé ostr.USA"|"United States Minor Outlying Islands"|""|"US Minor Outlying Isl."|"UM"|""|""|""|""|""|"UMI"|""|""|"01.01.1993"|""|"01.01.1993"|"25.06.2003"
"173"|"583"|"Mikronézske federatívne štáty"|""|"Mikronézia"|"Federated States of Micronesia"|""|"Micronesia (Fed.St. of)"|"FM"|""|""|""|""|""|"FSM"|""|""|"01.01.1993"|""|"01.01.1993"|"30.09.2010"
"174"|"584"|"Republika Marshallových ostrovov"|""|"Marshallove ostrovy"|"Republic of the Marshall Islands"|""|"Marshall Islands"|"MH"|""|""|""|""|""|"MHL"|""|""|"01.01.1993"|""|"01.01.1993"|"25.06.2003"
"175"|"585"|"Palauská republika"|""|"Palau"|"Republic of Palau"|""|"Palau"|"PW"|""|""|""|""|""|"PLW"|""|""|"01.01.1993"|""|"01.01.1993"|"01.01.1993"
"176"|"586"|"Pakistanská islamská republika"|""|"Pakistan"|"Islamic Republic of Pakistan"|""|"Pakistan"|"PK"|""|""|""|""|""|"PAK"|""|""|"01.01.1987"|""|"13.02.1987"|"01.01.1993"
"177"|"590"|"Panamská republika"|""|"Panama"|"Republic of Panama"|""|"Panama"|"PA"|""|""|""|""|""|""|""|""|"01.01.1987"|"31.12.1992"|"13.02.1987"|"03.06.1994"
"178"|"591"|"Panamská republika"|""|"Panama"|"Republic of Panama"|""|"Panama"|"PA"|""|""|""|""|""|"PAN"|""|""|"01.01.1983"|""|"20.05.1994"|"20.05.1994"
"179"|"598"|"Nezávislý štát Papua-Nová Guinea"|""|"Papua-Nová Guinea"|"Independent State of Papua New Guinea"|""|"Papua New Guinea"|"PG"|""|""|""|""|"oficiálny názov platný do 30.4.2014 - Papua-Nová Guinea"|"PNG"|"oficiálny názov platný do 30.4.2014 - Papua New Guinea"|""|"01.01.1987"|""|"13.02.1987"|"19.06.2014"
"180"|"600"|"Paraguajská republika"|""|"Paraguaj"|"Republic of Paraguay"|""|"Paraguay"|"PY"|""|""|""|""|""|"PRY"|""|""|"01.01.1987"|""|"13.02.1987"|"01.01.1993"
"181"|"604"|"Peruánska republika"|""|"Peru"|"Republic of Peru"|""|"Peru"|"PE"|""|""|""|""|""|"PER"|""|""|"01.01.1987"|""|"13.02.1987"|"01.01.1993"
"182"|"608"|"Filipínska republika"|""|"Filipíny"|"Republic of the Philippines"|""|"Philippines"|"PH"|""|""|""|""|""|"PHL"|""|""|"01.01.1987"|""|"13.02.1987"|"30.09.2010"
"183"|"612"|"Pitcairnove ostrovy"|""|"Pitcairnove ostrovy"|"Pitcairn Islands"|""|"Pitcairn"|"PN"|""|""|""|""|""|"PCN"|""|""|"01.01.1987"|""|"13.02.1987"|"26.06.2003"
"184"|"616"|"Poľská republika"|""|"Poľsko"|"Republic of Poland"|""|"Poland"|"PL"|""|""|""|""|""|"POL"|""|""|"01.01.1987"|""|"13.02.1987"|"20.05.1994"
"185"|"620"|"Portugalská republika"|""|"Portugalsko"|"Portuguese Republic"|""|"Portugal"|"PT"|""|""|""|""|""|"PRT"|""|""|"01.01.1987"|""|"13.02.1987"|"01.01.1993"
"186"|"624"|"Guinejsko-bissauská republika"|""|"Guinea-Bissau"|"Republic of Guinea-Bissau"|""|"Guinea-Bissau"|"GW"|""|""|""|""|""|"GNB"|""|""|"01.01.1987"|""|"13.02.1987"|"25.06.2003"
"187"|"626"|"Východotimorská demokratická republika"|""|"Východný Timor"|"Democratic Republic of Timor-Leste"|""|"Timor-Leste"|"TL"|""|""|""|""|""|"TLS"|""|""|"01.01.1987"|""|"13.02.1987"|"12.07.2007"
"188"|"630"|"Portorické spoločenstvo"|""|"Portoriko"|"Puerto Rico"|""|"Puerto Rico"|"PR"|""|""|""|""|""|"PRI"|""|""|"01.01.1987"|""|"13.02.1987"|"25.06.2003"
"189"|"634"|"Katarský štát"|""|"Katar"|"State of Qatar"|""|"Qatar"|"QA"|""|""|""|""|""|"QAT"|""|""|"01.01.1987"|""|"13.02.1987"|"01.01.1993"
"190"|"638"|"Réunion"|""|"Réunion"|"Réunion"|""|"Réunion"|"RE"|""|""|""|""|""|"REU"|""|""|"01.01.1987"|""|"13.02.1987"|"02.04.2012"
"191"|"642"|"Rumunsko"|""|"Rumunsko"|"Romania"|""|"Romania"|"RO"|""|""|""|""|""|"ROU"|""|""|"01.01.1987"|""|"13.02.1987"|"01.01.1993"
"192"|"643"|"Ruská federácia"|""|"Rusko"|"Russian Federation"|""|"Russian Federation"|"RU"|""|""|""|""|""|"RUS"|""|""|"01.01.1993"|""|"01.01.1993"|"20.05.1994"
"193"|"646"|"Rwandská republika"|""|"Rwanda"|"Republic of Rwanda"|""|"Rwanda"|"RW"|""|""|""|""|""|"RWA"|""|""|"01.01.1987"|""|"13.02.1987"|"30.09.2010"
"194"|"652"|"Svätý Bartolomej"|""|"Svätý Bartolomej"|"Saint Barthélemy"|""|"Saint Barthélemy"|"BL"|""|""|""|""|""|"BLM"|""|""|"01.10.2010"|""|"30.09.2010"|"30.09.2010"
"195"|"654"|"Svätá Helena, Ascension a Tristan da Cunha"|""|"Sv.Helena,Asc,Trist.daC."|"Saint Helena, Ascension and Tristan da Cunha"|""|"St.Helena,Asc,Trist.daC."|"SH"|""|""|""|""|""|"SHN"|""|""|"01.01.1987"|""|"13.02.1987"|"02.04.2012"
"196"|"659"|"Federácia Svätého Krištofa a Nevisu"|""|"Svätý Krištof a Nevis"|"Saint Kitts and Nevis"|""|"Saint Kitts and Nevis"|"KN"|""|""|""|""|""|"KNA"|""|""|"01.01.1987"|""|"13.02.1987"|"12.07.2007"
"197"|"660"|"Anguilla"|""|"Anguilla"|"Anguilla"|""|"Anguilla"|"AI"|""|""|""|""|""|"AIA"|""|""|"01.01.1993"|""|"25.01.1993"|"25.01.1993"
"198"|"662"|"Svätá Lucia"|""|"Svätá Lucia"|"Saint Lucia"|""|"Saint Lucia"|"LC"|""|""|""|""|""|"LCA"|""|""|"01.01.1987"|""|"13.02.1987"|"01.01.1993"
"199"|"663"|"Svätý Martin"|""|"Svätý Martin (franc.č.)"|"Saint Martin"|""|"Saint Martin (French p.)"|"MF"|""|""|""|""|""|"MAF"|""|""|"01.10.2010"|""|"30.09.2010"|"02.04.2012"
"200"|"666"|"Saint Pierre a Miquelon"|""|"Saint Pierre a Miquelon"|"Saint Pierre and Miquelon"|""|"St. Pierre and Miquelon"|"PM"|""|""|""|""|""|"SPM"|""|""|"01.01.1987"|""|"13.02.1987"|"02.04.2012"
"201"|"670"|"Svätý Vincent a Grenadíny"|""|"Sv. Vincent a Grenadíny"|"Saint Vincent and the Grenadines"|""|"St.Vincent,the Grenadin."|"VC"|""|""|""|""|""|"VCT"|""|""|"01.01.1987"|""|"13.02.1987"|"12.07.2007"
"202"|"674"|"Sanmarínska republika"|""|"San Maríno"|"Republic of San Marino"|""|"San Marino"|"SM"|""|""|""|""|""|"SMR"|""|""|"01.01.1987"|""|"13.02.1987"|"25.06.2003"
"203"|"678"|"Demokratická republika Svätého Tomáša a Princovho ostrova"|""|"Sv. Tomáš a Princov ost."|"Democratic Republic of Sao Tome and Principe"|""|"Sao Tome and Principe"|"ST"|""|""|""|""|""|"STP"|""|""|"01.01.1987"|""|"13.02.1987"|"12.07.2007"
"204"|"682"|"Saudskoarabské kráľovstvo"|""|"Saudská Arábia"|"Kingdom of Saudi Arabia"|""|"Saudi Arabia"|"SA"|""|""|""|""|""|"SAU"|""|""|"01.01.1987"|""|"13.02.1987"|"25.06.2003"
"205"|"686"|"Senegalská republika"|""|"Senegal"|"Republic of Senegal"|""|"Senegal"|"SN"|""|""|""|""|""|"SEN"|""|""|"01.01.1987"|""|"13.02.1987"|"01.01.1993"
"206"|"688"|"Srbská republika"|""|"Srbsko"|"Republic of Serbia"|""|"Serbia"|"RS"|""|""|""|""|""|"SRB"|""|""|"01.01.2007"|""|"16.02.2007"|"12.07.2007"
"207"|"690"|"Seychelská republika"|""|"Seychely"|"Republic of Seychelles"|""|"Seychelles"|"SC"|""|""|""|""|""|"SYC"|""|""|"01.01.1987"|""|"13.02.1987"|"22.10.1993"
"208"|"694"|"Sierraleonská republika"|""|"Sierra Leone"|"Republic of Sierra Leone"|""|"Sierra Leone"|"SL"|""|""|""|""|""|"SLE"|""|""|"01.01.1987"|""|"13.02.1987"|"25.06.2003"
"209"|"702"|"Singapurská republika"|""|"Singapur"|"Republic of Singapore"|""|"Singapore"|"SG"|""|""|""|""|""|"SGP"|""|""|"01.01.1987"|""|"13.02.1987"|"22.10.1993"
"210"|"703"|"Slovenská republika"|""|"Slovensko"|"Slovak Republic"|""|"Slovakia"|"SK"|""|""|""|""|""|"SVK"|""|""|"01.01.1993"|""|"08.02.1993"|"08.02.1993"
"211"|"704"|"Vietnamská socialistická republika"|""|"Vietnam"|"Socialist Republic of Viet Nam"|""|"Viet Nam"|"VN"|""|""|""|""|""|"VNM"|""|""|"01.01.1987"|""|"13.02.1987"|"20.05.1994"
"212"|"705"|"Slovinská republika"|""|"Slovinsko"|"Republic of Slovenia"|""|"Slovenia"|"SI"|""|""|""|""|""|"SVN"|""|""|"01.01.1993"|""|"01.01.1993"|"01.01.1993"
"213"|"706"|"Somálska federatívna republika"|""|"Somálsko"|"Federal Republic of Somalia"|""|"Somalia"|"SO"|""|""|""|""|"oficiálny názov platný do 30.4.2014 - Somálska republika"|"SOM"|"oficiálny názov platný do 30.4.2014 - Somali Republic"|""|"01.01.1987"|""|"13.02.1987"|"19.06.2014"
"214"|"710"|"Juhoafrická republika"|""|"Južná Afrika"|"Republic of South Africa"|""|"South Africa"|"ZA"|""|""|""|""|""|"ZAF"|""|""|"01.01.1987"|""|"13.02.1987"|"22.10.1993"
"215"|"716"|"Zimbabwianska republika"|""|"Zimbabwe"|"Republic of Zimbabwe"|""|"Zimbabwe"|"ZW"|""|""|""|""|""|"ZWE"|""|""|"01.01.1987"|""|"13.02.1987"|"25.06.2003"
"216"|"724"|"Španielske kráľovstvo"|""|"Španielsko"|"Kingdom of Spain"|""|"Spain"|"ES"|""|""|""|""|""|"ESP"|""|""|"01.01.1987"|""|"13.02.1987"|"01.01.1993"
"217"|"728"|"Juhosudánska republika"|""|"Južný Sudán"|"Republic of South Sudan"|""|"South Sudan"|"SS"|""|""|""|""|""|"SSD"|""|""|"01.04.2012"|""|"02.04.2012"|"02.04.2012"
"218"|"729"|"Sudánska republika"|""|"Sudán"|"Republic of the Sudan"|""|"Sudan"|"SD"|""|""|""|""|""|"SDN"|""|""|"01.04.2012"|""|"02.04.2012"|"02.04.2012"
"219"|"732"|"Západná Sahara"|""|"Západná Sahara"|"Western Sahara"|""|"Western Sahara"|"EH"|""|""|""|""|""|"ESH"|""|""|"01.01.1987"|""|"13.02.1987"|"22.10.1993"
"220"|"736"|"Sudánska republika"|""|"Sudán"|"Republic of the Sudan"|""|"Sudan"|"SD"|""|""|""|""|""|"SDN"|""|""|"01.01.1987"|"31.03.2012"|"13.02.1987"|"02.04.2012"
"221"|"740"|"Surinamská republika"|""|"Surinam"|"Republic of Suriname"|""|"Suriname"|"SR"|""|""|""|""|""|"SUR"|""|""|"01.01.1987"|""|"13.02.1987"|"01.01.1993"
"222"|"744"|"Svalbard a Jan Mayen"|""|"Svalbard a Jan Mayen"|"Svalbard and Jan Mayen"|""|"Svalbard and Jan Mayen"|"SJ"|""|""|""|""|""|"SJM"|""|""|"01.01.1987"|""|"13.02.1987"|"13.07.2007"
"223"|"748"|"Eswatinské kráľovstvo"|""|"Eswatini"|"Kingdom of Eswatini"|""|"Eswatini"|"SZ"|"SZ"|""|""|""|"Predchádzajúci plný a skrátený názov: Svazijské kráľovstvo; Svazijsko"|"SWZ"|"Previous full and short name: Kingdom of Swaziland; Swaziland"|""|"01.01.1987"|""|"13.02.1987"|"31.10.2019"
"224"|"752"|"Švédske kráľovstvo"|""|"Švédsko"|"Kingdom of Sweden"|""|"Sweden"|"SE"|""|""|""|""|""|"SWE"|""|""|"01.01.1987"|""|"13.02.1987"|"01.01.1993"
"225"|"756"|"Švajčiarska konfederácia"|""|"Švajčiarsko"|"Swiss Confederation"|""|"Switzerland"|"CH"|""|""|""|""|""|"CHE"|""|""|"01.01.1987"|""|"13.02.1987"|"01.01.1993"
"226"|"760"|"Sýrska arabská republika"|""|"Sýria"|"Syrian Arab Republic"|""|"Syrian Arab Republic"|"SY"|""|""|""|""|""|"SYR"|""|""|"01.01.1987"|""|"13.02.1987"|"20.05.1994"
"227"|"762"|"Tadžická republika"|""|"Tadžikistan"|"Republic of Tajikistan"|""|"Tajikistan"|"TJ"|""|""|""|""|""|"TJK"|""|""|"01.01.1993"|""|"01.01.1993"|"22.10.1993"
"228"|"764"|"Thajské kráľovstvo"|""|"Thajsko"|"Kingdom of Thailand"|""|"Thailand"|"TH"|""|""|""|""|""|"THA"|""|""|"01.01.1987"|""|"13.02.1987"|"01.01.1993"
"229"|"768"|"Togská republika"|""|"Togo"|"Togolese Republic"|""|"Togo"|"TG"|""|""|""|""|""|"TGO"|""|""|"01.01.1987"|""|"13.02.1987"|"25.06.2003"
"230"|"772"|"Tokelauské ostrovy"|""|"Tokelau"|"Tokelau Islands"|""|"Tokelau"|"TK"|""|""|""|""|""|"TKL"|""|""|"01.01.1987"|""|"13.02.1987"|"30.09.2010"
"231"|"776"|"Tongské kráľovstvo"|""|"Tonga"|"Kingdom of Tonga"|""|"Tonga"|"TO"|""|""|""|""|""|"TON"|""|""|"01.01.1987"|""|"13.02.1987"|"25.06.2003"
"232"|"780"|"Republika Trinidadu a Tobaga"|""|"Trinidad a Tobago"|"Republic of Trinidad and Tobago"|""|"Trinidad and Tobago"|"TT"|""|""|""|""|""|"TTO"|""|""|"01.01.1987"|""|"13.02.1987"|"25.06.2003"
"233"|"784"|"Spojené arabské emiráty"|""|"Spojené arabské emiráty"|"United Arab Emirates"|""|"United Arab Emirates"|"AE"|""|""|""|""|""|"ARE"|""|""|"01.01.1987"|""|"13.02.1987"|"01.01.1993"
"234"|"788"|"Tuniská republika"|""|"Tunisko"|"Republic of Tunisia"|""|"Tunisia"|"TN"|""|""|""|""|""|"TUN"|""|""|"01.01.1987"|""|"13.02.1987"|"01.01.1993"
"235"|"792"|"Turecká republika"|""|"Turecko"|"Republic of Turkey"|""|"Turkey"|"TR"|""|""|""|""|""|"TUR"|""|""|"01.01.1987"|""|"13.02.1987"|"01.01.1993"
"236"|"795"|"Turkménsko"|""|"Turkménsko"|"Turkmenistan"|""|"Turkmenistan"|"TM"|""|""|""|""|""|"TKM"|""|""|"01.01.1993"|""|"01.01.1993"|"20.05.1994"
"237"|"796"|"Ostrovy Turks a Caicos"|""|"Turks a Caicos"|"Turks and Caicos Islands"|""|"Turks and Caicos Islands"|"TC"|""|""|""|""|""|"TCA"|""|""|"01.01.1987"|""|"13.02.1987"|"26.06.2003"
"238"|"798"|"Tuvalu"|""|"Tuvalu"|"Tuvalu"|""|"Tuvalu"|"TV"|""|""|""|""|""|"TUV"|""|""|"01.01.1987"|""|"13.02.1987"|"01.01.1993"
"239"|"800"|"Ugandská republika"|""|"Uganda"|"Republic of Uganda"|""|"Uganda"|"UG"|""|""|""|""|""|"UGA"|""|""|"01.01.1987"|""|"13.02.1987"|"01.01.1993"
"240"|"804"|"Ukrajina"|""|"Ukrajina"|"Ukraine"|""|"Ukraine"|"UA"|""|""|""|""|""|"UKR"|""|""|"01.01.1987"|""|"13.02.1987"|"01.01.1993"
"241"|"807"|"Severomacedónska republika"|""|"Severné Macedónsko"|"the Republic of North Macedonia"|""|"North Macedonia"|"MK"|"MK"|""|""|""|"Predchádzajúci plný a skrátený názov: Macedónska republika; Macedónsko"|"MKD"|"Previous full and short name: The Former Yugoslav Republic of Macedonia; Form.Yug.R.of Macedonia"|""|"04.06.1994"|""|"09.12.1994"|"14.07.2020"
"242"|"810"|"Spoločenstvo nezávislých štátov"|""|"Spol.nezávislých štátov"|"Commonwealth of Independent States"|""|"CIS"|"SU"|""|""|""|""|""|""|""|""|"01.01.1987"|"22.10.1993"|"13.02.1987"|"22.10.1993"
"243"|"818"|"Egyptská arabská republika"|""|"Egypt"|"Arab Republic of Egypt"|""|"Egypt"|"EG"|""|""|""|""|""|"EGY"|""|""|"01.01.1987"|""|"13.02.1987"|"01.01.1993"
"244"|"826"|"Spojené kráľovstvo Veľkej Británie a Severného Írska"|""|"Spojené kráľovstvo"|"United Kingdom of Great Britain and Northern Ireland"|""|"United Kingd.of GB a.NI."|"GB"|""|""|""|""|""|"GBR"|""|""|"01.01.1987"|""|"13.02.1987"|"05.12.2012"
"245"|"831"|"Guernsey"|""|"Guernsey"|"Guernsey"|""|"Guernsey"|"GG"|""|""|""|""|""|"GGY"|""|""|"15.10.2006"|""|"03.10.2006"|"03.10.2006"
"246"|"832"|"Jersey"|""|"Jersey"|"Jersey"|""|"Jersey"|"JE"|""|""|""|""|""|"JEY"|""|""|"15.10.2006"|""|"03.10.2006"|"12.05.2011"
"247"|"833"|"Ostrov Man"|""|"Man"|"Isle of Man, Dependency of the Crown"|""|"Isle of Man"|"IM"|""|""|""|""|"oficiálny názov platný do 30.4.2014 - Ostrov Man, korunná dependencia"|"IMN"|""|""|"01.01.2006"|""|"03.10.2006"|"19.06.2014"
"248"|"834"|"Tanzánijská zjednotená republika"|""|"Tanzánia"|"United Republic of Tanzania"|""|"United Rep.of Tanzania"|"TZ"|""|""|""|""|""|"TZA"|""|""|"01.01.1987"|""|"13.02.1987"|"30.09.2010"
"249"|"840"|"Spojené štáty americké"|""|"Spojené štáty, USA"|"United States of America"|""|"United States of America"|"US"|""|""|""|""|""|"USA"|""|""|"01.01.1987"|""|"13.02.1987"|"30.09.2010"
"250"|"850"|"Panenské ostrovy Spojených štátov"|""|"Americké Panenské ostr."|"Virgin Islands of the United States"|""|"Virgin Islands of the US"|"VI"|""|""|""|""|""|"VIR"|""|""|"01.01.1987"|""|"13.02.1987"|"30.09.2010"
"251"|"854"|"Burkina Faso"|""|"Burkina"|"Burkina Faso"|""|"Burkina Faso"|"BF"|""|""|""|""|""|"BFA"|""|""|"01.01.1987"|""|"13.02.1987"|"25.06.2003"
"252"|"858"|"Uruguajská východná republika"|""|"Uruguaj"|"Eastern Republic of Uruguay"|""|"Uruguay"|"UY"|""|""|""|""|""|"URY"|""|""|"01.01.1987"|""|"13.02.1987"|"01.01.1993"
"253"|"860"|"Uzbecká republika"|""|"Uzbekistan"|"Republic of Uzbekistan"|""|"Uzbekistan"|"UZ"|""|""|""|""|""|"UZB"|""|""|"01.01.1993"|""|"01.01.1993"|"22.10.1993"
"254"|"862"|"Venezuelská bolívarovská republika"|""|"Venezuela"|"Bolivarian Republic of Venezuela"|""|"Venezuela (Bol.Rep.of)"|"VE"|""|""|""|""|""|"VEN"|""|""|"01.01.1987"|""|"13.02.1987"|"30.09.2010"
"255"|"876"|"Wallis a Futuna"|""|"Wallis a Futuna"|"Wallis and Futuna"|""|"Wallis and Futuna"|"WF"|""|""|""|""|""|"WLF"|""|""|"01.01.1987"|""|"13.02.1987"|"02.04.2012"
"256"|"882"|"Samojský nezávislý štát"|""|"Samoa"|"Independent State of Samoa"|""|"Samoa"|"WS"|""|""|""|""|""|"WSM"|""|""|"01.01.1987"|""|"13.02.1987"|"25.06.2003"
"257"|"887"|"Jemenská republika"|""|"Jemen"|"Republic of Yemen"|""|"Yemen"|"YE"|""|""|""|""|""|"YEM"|""|""|"01.01.1993"|""|"01.01.1993"|"01.01.1993"
"258"|"891"|"Srbsko a Čierna Hora"|""|"Srbsko a Čierna Hora"|"Serbia and Montenegro"|""|"Serbia and Montenegro"|"CS"|""|""|""|""|"predtým YUG"|"SCG"|""|""|"01.01.1993"|"31.12.2006"|"01.01.1993"|"19.02.2007"
"259"|"894"|"Zambijská republika"|""|"Zambia"|"Republic of Zambia"|""|"Zambia"|"ZM"|""|""|""|""|""|"ZMB"|""|""|"01.01.1987"|""|"13.02.1987"|"01.01.1993"
"260"|"896"|"Oblasti inde nešpecifikované"|""|"Oblasti inde nešpecifik."|"Areas not elsewhere specified"|""|"Areas not specified"|""|""|""|""|""|""|""|""|""|"01.01.1993"|""|"22.10.1993"|"26.06.2003"
"261"|"898"|"Nešpecifikované"|""|"Nešpecifikované"|"Not specified"|""|"Not specified"|""|""|""|""|""|""|""|""|""|"31.05.1993"|""|"31.05.1993"|"22.11.2012"
"262"|"973"|"Macedónska republika"|""|"Macedónsko"|"Republic of Macedonia"|""|"Macedonia"|"XC"|""|""|""|""|""|""|""|""|"01.01.1993"|"03.06.1994"|"01.01.1993"|"03.06.1994"
"263"|"998"|"Nešpecifikované v súvislosti s osobami bez štátnej príslušnosti"|""|"Bez štátnej príslušnosti"|"Not specified in relation to stateless persons"|""|"Stateless"|""|""|""|""|""|""|""|""|""|"01.01.2012"|""|"22.11.2012"|"22.11.2012"
